Название,Цена,Ссылка
Bosch Dog Premium (Бош Дог Премиум) полнорационный сбалансированный корм для собак премиум класса с рыбой и овощами 20кг,149.00 руб.,https://kormbosch.by/product/bosch-dog-premium-bosh-dog-premium-polnoratsionnyj-sbalansirovannyj-korm-dlja-sobak-premium-klassa-s-ryboj-i-ovoschami-bf20kg
Bosch Breeder Lamb & Rice (Бош Бридер Ягненок с Рисом) 20кг,179.00 руб.,https://kormbosch.by/product/bosch-breeder-lamb-and-rice-bosh-brider-jagnenok-s-risom20kg
АКЦИЯ! Бош Мини Эдалт Ягненок с рисом 3 кг (корм для взрослых собак мелких пород) + Лакомство в ПОДАРОК,61.70 руб.,https://kormbosch.by/product/bosch-mini-adult-with-lamb-and-rice-bosh-mini-edalt-jagnenok-s-risom-korm-dlja-vzroslyx-sobak-melkix-porod-3kg
АКЦИЯ! Бош Птица с просо 3кг (корм для взрослых собак с свежим мясом птицы (30%)  + Лакомство в ПОДАРОК,47.80 руб.,https://kormbosch.by/product/bosch-adult-with-poultry-and-millet-bosh-ptitsa-s-proso-korm-dlja-vzroslyx-sobak-s-vysokim-soderzhaniem-svezhego-mjasa-30-3kg
АКЦИЯ! Бош Рыба с картофелем 3кг (корм для взрослых собак с полезными жирными кислотами) + Лакомство в ПОДАРОК,48.80 руб.,https://kormbosch.by/product/bosch-adult-with-fish-and-potato-bosh-ryba-s-kartofelem-korm-dlja-vzroslyx-sobak-s-poleznymi-zhirnymi-kislotami-3kg
АКЦИЯ! Бош ягненок с рисом 3 кг (корм для взрослых собак с низким аллергенным потенциалом) + Лакомство в ПОДАРОК,51.70 руб.,https://kormbosch.by/product/aktsija-bosch-adult-mit-lamm-and-reis-bosh-jagnenok-s-risom-korm-dlja-vzroslyx-sobak-s-nizkim-allergennym-potentsialom-3-kg-lakomstvo-v-podarok
АКЦИЯ! Бош Утка с рисом 3кг (корм для взрослых собак с чувствительным пищеварением) + Лакомство в ПОДАРОК,60.80 руб.,https://kormbosch.by/product/aktsija-bosch-adult-with-duck-and-rice-bosh-utka-s-risom-korm-dlja-vzroslyx-porod-sobak-s-chuvstvitelnym-pischevareniem-3kg-lakomstvo-v-podarok
АКЦИЯ! Бош Бридер Макси - корм для крупных пород собак 20кг+контейнер,224.11 руб.,https://kormbosch.by/product/bosch-breeder-maxi-bosh-brider-maksi-korm-dlja-krupnyx-porod-sobak-20kgkontejner
АКЦИЯ! Бош Бридер Сеньор - корм для пожилых собак 20кг+контейнер,216.50 руб.,https://kormbosch.by/product/bosch-breeder-senior-bosh-brider-senjor-dlja-pozhilyx-sobak-20kgkontejner
Bosch Insect Adult Tapioka & Äpfel (Бош Инсект Эдалт Тапиока с Яблоком) 10кг,286.63 руб.,https://kormbosch.by/product/bosch-insect-adult-tapioka-and-pfel-bosh-insekt-edalt-tapioka-s-jablokom-10kg
Bosch Vegan Adult Kartoffel & Erbsen (Бош Веган Эдалт Картофель с горохом) 10кг,286.63 руб.,https://kormbosch.by/product/bosch-vegan-adult-kartoffel-and-erbsen-bosh-vegan-edalt-kartofel-s-goroxom-10kg
Bosch Adult with Poultry & Millet (Бош Птица с просо) корм для взрослых собак с высоким содержанием свежего мяса (30%) 18кг,189.00 руб.,https://kormbosch.by/product/bosch-adult-with-poultry-and-millet-bosh-ptitsa-s-proso-korm-dlja-vzroslyx-sobak-s-vysokim-soderzhaniem-svezhego-mjasa-30-18kg
Bosch Junior mit Lamb & Rice (Бош Юниор Ягненок с рисом) корм для щенков с чувствительным пищеварением 15кг,249.00 руб.,https://kormbosch.by/product/korm-dlja-schenkov-s-nizkim-allergennym-potentsialom-bosch-junior-mit-lamm-and-reis-bosh-junior-jagnenok-s-risom-15kg
Bosch Adult  mit Lamm & Reis (Бош ягненок с рисом) корм для взрослых собак с низким аллергенным потенциалом 18кг,199.00 руб.,https://kormbosch.by/product/bosch-adult-mit-lamm-and-reis-bosh-jagnenok-s-risom-korm-dlja-vzroslyx-sobak-s-nizkim-allergennym-potentsialom-18kg
Bosch Medium Junior (Бош Медиум Юниор) корм для щенков собак средних пород  до года 15кг,208.24 руб.,https://kormbosch.by/product/korm-dlja-schenkov-srednix-porod-bosch-medium-unior-bosh-medium-junior-15kg
Bosch Mini Junior (Бош Мини Юниор) корм для щенков собак мелких пород до года 15кг,205.02 руб.,https://kormbosch.by/product/korm-dlja-schenkov-melkix-porod-bosch-mini-junior-mini-junior-15kg
Bosch Maxi Junior (Бош Макси Юниор) корм для щенков собак крупных пород до года 15кг,217.07 руб.,https://kormbosch.by/product/korm-dlja-schenkov-krupnyx-porod-bosch-maxi-junior-bosh-maksi-junior-15kg
Bosch Sensitive Lamm & Reis  ( Бош Сенсетив Ягненок с Рисом ) Корм  для взрослых собак склонных к аллергии + консерва 400гр с ягненком и уткой 3кг,74.70 руб.,https://kormbosch.by/product/korm-dlja-vzroslyx-sobak-s-nizkim-allergennym-potentsialom-bosch-sensitive-lamm-and-reis-bosh-sensetiv-jagnenok-s-risom-3kg
Bosch Mini Adult with Lamb & Rice (Бош Мини Эдалт Ягненок с рисом) корм для взрослых собак мелких пород 15кг+контейнер,218.04 руб.,https://kormbosch.by/product/bosch-mini-adult-with-lamb-and-rice-bosh-mini-edalt-jagnenok-s-risom-korm-dlja-vzroslyx-sobak-melkix-porod-15konteinerkg
Bosch Mini Adult with fresh Poultry & Millet (Бош Мини Эдалт Птица с просо) корм для взрослых собак мелких пород 3кг,59.09 руб.,https://kormbosch.by/product/korm-dlja-vzroslyx-sobak-melkix-porod-bosch-mini-adult-with-fresh-poultry-and-millet-bosh-mini-edalt-ptitsa-s-proso-3kg
Bosch Mini Light (Бош Мини Лайт) корм для взрослых собак склонных к полноте с пониженным содержанием жирности 2.5кг,44.50 руб.,https://kormbosch.by/product/bosch-mini-light-bosh-mini-lajt-korm-dlja-vzroslyx-sobak-sklonnyx-k-polnote-s-ponizhennym-soderzhaniem-zhirnosti-2-5kg
Bosch Adult with Fish & Potato (Бош Рыба с картофелем) корм для взрослых собак с полезными жирными кислотами 18кг,189.00 руб.,https://kormbosch.by/product/bosch-adult-with-fish-and-potato-bosh-ryba-s-kartofelem-korm-dlja-vzroslyx-sobak-s-poleznymi-zhirnymi-kislotami-18kg
Bosch Adult with fresh Salmon & Potato (Бош Лосось с картофелем) корм для взрослых собак с мясом лосося 18кг,229.00 руб.,https://kormbosch.by/product/bosch-adult-with-fresh-salmon-and-potato-bosh-losos-s-kartofelem-korm-dlja-vzroslyx-sobak-s-mjasom-lososja-16kg
Bosch Adult with duck & rice (Бош Утка с рисом) корм для взрослых пород собак с чувствительным пищеварением 18кг,229.00 руб.,https://kormbosch.by/product/bosch-adult-with-duck-and-rice-bosh-utka-s-risom-korm-dlja-vzroslyx-porod-sobak-s-chuvstvitelnym-pischevareniem-18kg
Bosch Adult Menue (Бош Эдалт Меню) корм для взрослых собак с 12 высококачественными травами 18кг,199.00 руб.,https://kormbosch.by/product/bosch-adult-menue-bosh-edalt-menju-korm-dlja-vzroslyx-sobak-s-12-vysokokachestvennymi-travami-15kg
Bosch Maxi Adult (Бош Макси Эдалт) корм с большой гранулой и добавками для суставов для взрослых собак крупных пород 18кг,209.00 руб.,https://kormbosch.by/product/bosch-maxi-adult-bosh-maksi-edalt-korm-s-bolshoj-granuloj-i-dobavkami-dlja-sustavov-dlja-vzroslyx-sobak-krupnyx-porod-18kg
Bosch Active (Бош Актив) корм с повышенным содержанием свежего мяса (30%) для взрослых собак с высокой активностью 15кг,192.19 руб.,https://kormbosch.by/product/korm-dlja-vzroslyx-sobak-s-vysokim-urovnem-aktivnosti-bosch-active-bosh-aktiv-15kg
Bosch Light (Бош Лайт) корм с пониженным содержанием жира подходит для взрослых собак склонных к полноте 12.5кг,161.85 руб.,https://kormbosch.by/product/bosch-light-bosh-lajt-korm-s-ponizhennym-soderzhaniem-zhira-podxodit-dlja-vzroslyx-sobak-sklonnyx-k-polnote
Корм супер-премиум класса для пожилых собак мелких пород с пониженной жирностью  Bosch Mini Senior (Бош Мини Сеньор) 1кг,19.68 руб.,https://kormbosch.by/product/korm-dlja-pozhilyx-sobak
Корм для пожилых собак крупных размеров с пониженной жирностью Bosch Maxi Senior (Бош Сеньор Макси) 12.5,174.97 руб.,https://kormbosch.by/product/korm-dlja-pozhilyx-sobak-krupnyx-razmerov-s-ponizhennoj-zhirnostju-bosch
Корм супер-премиум класса для пожилых собак всех пород с пониженной жирностью  Bosch Senior (Бош Сеньор) 12.5кг,161.80 руб.,https://kormbosch.by/product/korm-super-premium-klassa-dlja-pozhilyx-sobak-vsex-porod-s-ponizhennoj-zhirnostju-bosch-senior-bosh-senjor-12kg
Корм для щенков с 3-х недель Bosch Puppy (Бош Паппи) (HPC) 7.5кг,118.96 руб.,https://kormbosch.by/product/korm-dlja-schenkov-bosch-puppy-hugh-premium-concept-hpc
Bosch PLUS Adult Ostrich & Potato (БОШ ПЛЮС Страус с Картофелем) монопротеин 12.5кг,254.20 руб.,https://kormbosch.by/product/bosch-plus-adult-ostrich-and-potato-bosh-pljus-straus-s-kartofelem-monoproteinovyj-korm-12-5kg
Bosch PLUS Adult Trout & Potato (БОШ ПЛЮС Форель с Картофелем) монопротеин 12.5кг,244.40 руб.,https://kormbosch.by/product/bosch-plus-adult-trout-and-potato-bosh-pljus-forel-s-kartofelem-monoproteinovyj-korm-12-5kg
Корм для кормящих и беременных собак Bosch Reproduction (Бош Репродакшен) 7.5кг,87.42 руб.,https://kormbosch.by/product/korm-dlja-kormjaschix-i-beremennyx-sobak-bosch-reproduction
Корм для профилактики проблем органов мочеиспускания у собак Bosch Special Light (Бош Спешел Лайт) 12.5кг,179.07 руб.,https://kormbosch.by/product/korm-dlja-vzroslyx-sobak-sklonnyx-k-polnote-s-ponizhennym-soderzhaniem-zhirnosti-bosch-special-light-bosh-speshel-lajt-15kg
Полувлажный корм класса Holistic+ SOFT Junior Chicken & Sweet Potato (Цыпленок с бататом) 12.5кг,250.00 руб.,https://kormbosch.by/product/poluvlazhnyj-korm-klassa-holistic-soft-junior-chicken-and-sweet-potato-tsyplenok-s-batatom-125kg
Полувлажный корм класса Holistic+ Bosch SOFT Adult Farm Duck & Potato (Утка с картофелем) 12.5кг,267.55 руб.,https://kormbosch.by/product/softadultfarmduckpotato12
Полувлажный корм класса Holistic+ SOFT Maxi Water Buffalo & Sweet Potato (Бош Буйвол с Бататом) 12.5кг,250.00 руб.,https://kormbosch.by/product/poluvlazhnyj-korm-klassa-holistic-soft-maxi-water-buffalo-and-sweet-potato-bosh-bujvol-s-batatom-12-5kg
"Полувлажный корм класса Holistic+ SOFT Mini Guinea Fowl & Sweet Potatoo (Цесарка с бататом), 2.5кг",127.63 руб.,https://kormbosch.by/product/poluvlazhnyj-korm-klassa-holistic-soft-mini-guinea-fowl-and-sweet-potatoo-tsesarka-s-batatom-2-5kg
Полувлажный корм класса Holistic+ Bosch SOFT Senior Land-Ziege & Kartoffel (Коза с картофелем) 12.5кг,250.00 руб.,https://kormbosch.by/product/poluvlazhnyj-korm-klassa-holistic-soft-senior-land-ziege-and-kartoffel-koza-s-kartofelem-12-5kg
"Полувлажный корм класса Holistic+ SOFT Mini Wachtel & Kartoffel (Перепелка с картофелем), 2.5кг",125.81 руб.,https://kormbosch.by/product/poluvlazhnyj-korm-klassa-holistic-soft-mini-wachtel-and-kartoffel-perepelka-s-kartofelem-2-5kg
Полувлажный корм класса Holistic+ SOFT Adult Hühnchen & Banane (Курица с бананом) 12.5кг,247.70 руб.,https://kormbosch.by/product/poluvlazhnyj-korm-klassa-holistic-soft-adult-hhnchen-and-banane-kuritsa-s-bananom-12-5kg
Корм из печи Bosch Oven Baked 70 % Chicken + heimischen Superfoods (Бош Оувен Бэйкед с Курицей + суперфуды) 10кг,217.50 руб.,https://kormbosch.by/product/korm-iz-pechi-bosch-oven-baked-70-chicken-10kg
Корм из печи Bosch Oven Baked 70 % Rind  + heimischen Superfoods ( Бош Оувен Бэйкед с Говядиной + суперфуды) 10кг,231.00 руб.,https://kormbosch.by/product/korm-iz-pechi-bosch-oven-baked-70-rind-heimischen-superfoods-bosh-ouven-bejked-s-superfudami-10kg
АКЦИЯ! Бош Бридер Мини - корм с ягненком и рисом 20кг+контейнер,235.89 руб.,https://kormbosch.by/product/bosch-breeder-mini-bosh-brider-mini-jagnenok-s-risom-20kgkontejner
АКЦИЯ! Бош Бридер Паппи - корм для щенков с ягненком и рисом 20кг+контейнер,239.05 руб.,https://kormbosch.by/product/bosch-breeder-puppy-bosh-brider-pappi-jagnenok-s-risom-20kgkontejner
АКЦИЯ! Бош Бридер Спорт - корм для активных собак 20кг+контейнер,222.80 руб.,https://kormbosch.by/product/bosch-breeder-sport-bosh-brider-sport-dlja-aktivnyx-sobak-20kg
Bosch Mono Biscuit (Бош Моно Бисквит) лакомство для собак средних и крупных пород 0.8кг,12.85 руб.,https://kormbosch.by/product/bosch-mono-b
"Bosch Mono Bons Puppy Mix (Лакомство Бош Моно Бонс Паппи Микс) (Ранее Training Mini) 0,9 кг",16.08 руб.,https://kormbosch.by/product/bosch-mono-biscuit-bosh-mono-biskvit-lakomstvo-dlja-sobak-srednix-i-krupnyx-porod-0-8kg
Bosch My Friend Dog (Бош Май Френд) с пониженной жирностью 20кг,148.75 руб.,https://kormbosch.by/product/bosch-my-friend-dog-bosh-maj-frend-sbalansirovannyj-korm-premium-klassa-dlja-sobak
Bosch My Friend Soft (Бош Май Френд Софт) с низкой жирностью 15кг,148.79 руб.,https://kormbosch.by/product/bosch-my-friend-dog-bosh-maj-frend-s-ponizhennoj-zhirnostju-15kg
Лакомство Bosch Fruitees  fresh Poultry & Apple (Фруттис птица с яблоком) 0.2кг,7.30 руб.,https://kormbosch.by/product/lakomstvo-bosch-fruitees-fresh-poultry-and-apple-fruttis-ptitsa-s-jablokom-0-2kg
Лакомство Bosch Fruitees  fresh Poultry & Mango (Фруттис птица с манго) 0.2кг,7.30 руб.,https://kormbosch.by/product/lakomstvo-bosch-fruitees-fresh-poultry-and-banana-fruttis-ptitsa-s-bananom-0-2kg
Лакомство Bosch Fruitees fresh Poultry & Banana (Фруттис птица с бананом) 0.2кг,7.30 руб.,https://kormbosch.by/product/lakomstvo-bosch-fruitees
Лакомство Sammy's fitness slice (Сэмми Фитнес с  броколли и морковью),4.13 руб.,https://kormbosch.by/product/lakomstvo-sammy-s-fitness-slice-semmi-fitnes-s-brokolli-i-morkovju
Лакомство Sammy's fitness slice (Сэмми Фитнес Слайсы с мидиями),4.10 руб.,https://kormbosch.by/product/lakomstvo-sammy-s-fitness-slice-semmi-fitnes-slajsy-s-midijami-i-lososevym-maslom
Лакомство Sammy's fitness slice (Сэмми Фитнес Слайсы с яблоком и черникой),4.13 руб.,https://kormbosch.by/product/lakomstvo-sammy-s-fitness-slice-semmi-fitnes-slajsy-s-jablokom-i-chernikoj
Лакомство Sammy's tooth fairy (Сэмми Зубная фея с водорослями),4.43 руб.,https://kormbosch.by/product/lakomstvo-sammy-s-tooth-fairy-semmi-fitnes-zubnaja-feja
Лакомство Sammy’s Sammy's tooth bar (Зубная планка) 0.25кг,13.92 руб.,https://kormbosch.by/product/lakomstvo-sammys-sammy-s-tooth-bar-zubnaja-planka-0-25kg
Лакомство для суставов Sammy's joint bites (Сэмми Джойн Битс) 0.35кг,14.43 руб.,https://kormbosch.by/product/lakomstvo
Лакомство Sammy's crispy cracker (Сэмми Хрустящие крекеры) 1кг,17.00 руб.,https://kormbosch.by/product/lakomstvo-sammy-s-crispy-cracker-semmi
Лакомство Sammy's fruit slices (Сэмми Фруктовые ломтики) 0.8кг,19.17 руб.,https://kormbosch.by/product/lakomstvo-sammy-s-fruit-slices-semmi-xrustjaschie-krekery-1kg
Лакомство Sammy's heartbreaker (Сэмми Харт Брейк) 0.8кг,15.70 руб.,https://kormbosch.by/product/lakomstvo-sammy-s-heartbreaker-semmi-xart-brejk-0-8kg
Лакомство Sammy's herbal bones (Сэмми Хербал Бон) 1кг,17.00 руб.,https://kormbosch.by/product/lakomstvo-sammy-s-herbal-bones-semmi-xerbal-bon
Лакомство Sammy's muesli taler (Сэмми Мюсли Талер) 1кг,17.00 руб.,https://kormbosch.by/product/lakomstvo-sammy-s-muesli-taler-semmi-mjusli-taler
Лакомство  Sammy’s gourmet strips (Сэмми Гурме с курицей и ягненком) 0.18кг,18.11 руб.,https://kormbosch.by/product/lakomstvo-sammys-gourmet-strips-semmi-gurme-s-kuritsej-i-jagnenkom-0-18kg
Лакомство Sammy’s gourmet strips (Сэмми Гурме Стрипсы с уткой и курицей) 0.18кг,18.14 руб.,https://kormbosch.by/product/lakomstvo-dlja-sustavov-sammy-s-joint-bites-semmi-dzhojn-bits-0-35kg
Лакомство Sammy’s Rinderstreifen (Сэмми Гурме Стрипсы с говядиной) 0.19кг,20.90 руб.,https://kormbosch.by/product/lakomstvo-sammys-gourmet-strips-semmi-gurme-stripsy-s-utkoj-i-kuritsej-0-18kg
Лакомство Sammy's chicken fillets (Сэмми Куриное Филе) 0.19кг,20.23 руб.,https://kormbosch.by/product/lakomstvo-sammy-s-chicken-fillets-semmi-kurinoe-file-0-19kg
Лакомство Sammy's sausages (Сэмми сосиски с бульоном буйвола) 0.240кг,24.80 руб.,https://kormbosch.by/product/lakomstvo-sammy-s-sausages
